[{
  "_id": "60d6b6a8f20d4d6e908d6741",
  "user": "60c72b2f9b1d4e001c8e4d2f",
  "items": [
    {
      "product": "60d5c8b9b5e3a4d5a08a8b01",
      "quantity": 2,
      "price": 99.99
    }
  ],
  "total": 199.98,
  "status": "completed",
  "created_at": "2023-04-15T10:00:00Z"
},
{
  "_id": "60d6b6a8f20d4d6e908d6742",
  "user": "60c72b2f9b1d4e001c8e4d30",
  "items": [
    {
      "product": "60d5c8b9b5e3a4d5a08a8b02",
      "quantity": 1,
      "price": 799.99
    }
  ],
  "total": 799.99,
  "status": "pending",
  "created_at": "2023-05-01T11:00:00Z"
}]